{
  "logs": [
    {
      "fields": {
        "latency_seconds": 0.012,
        "op": "swap",
        "status": "OK"
      },
      "level": "INFO",
      "message": "swap completed",
      "span_id": "028aa9573a2d86ad",
      "timestamp": "2025-10-18T04:09:06.667420Z",
      "trace_id": "91b9ffb44a97517699f688ca81f2716b"
    },
    {
      "fields": {
        "latency_seconds": 0.018,
        "op": "swap",
        "status": "OK"
      },
      "level": "INFO",
      "message": "swap completed",
      "span_id": "45ff12710d2676ef",
      "timestamp": "2025-10-18T04:09:06.667461Z",
      "trace_id": "dbf90c421e97b80efeb13ef07c298654"
    },
    {
      "fields": {
        "latency_seconds": 0.026,
        "op": "swap",
        "status": "OK"
      },
      "level": "INFO",
      "message": "swap completed",
      "span_id": "84cd98a7c92568cf",
      "timestamp": "2025-10-18T04:09:06.667487Z",
      "trace_id": "6c433fbb12b4c8a7aa439e89341a8c79"
    },
    {
      "fields": {
        "latency_seconds": 0.035,
        "op": "swap",
        "status": "OK"
      },
      "level": "INFO",
      "message": "swap completed",
      "span_id": "288bc6f2c442148d",
      "timestamp": "2025-10-18T04:09:06.667509Z",
      "trace_id": "275d623ebe50d3c97363f8a181cd2435"
    },
    {
      "fields": {
        "latency_seconds": 0.041,
        "op": "swap",
        "status": "OK"
      },
      "level": "INFO",
      "message": "swap completed",
      "span_id": "1cf27b6aaf176dc2",
      "timestamp": "2025-10-18T04:09:06.667524Z",
      "trace_id": "b2f526909986be0fdc24dff431a89c74"
    },
    {
      "fields": {
        "latency_seconds": 0.052,
        "op": "swap",
        "status": "OK"
      },
      "level": "INFO",
      "message": "swap completed",
      "span_id": "9c5b96a731e0522c",
      "timestamp": "2025-10-18T04:09:06.667539Z",
      "trace_id": "9d2aab08b13d3b2eeec5ab02a0dcdcc5"
    },
    {
      "fields": {
        "latency_seconds": 0.028,
        "op": "add_liquidity",
        "status": "OK"
      },
      "level": "INFO",
      "message": "add_liquidity completed",
      "span_id": "a6e0cbed7bde90f9",
      "timestamp": "2025-10-18T04:09:06.667552Z",
      "trace_id": "48514aeabe29724e139f224afaa28cd7"
    },
    {
      "fields": {
        "latency_seconds": 0.032,
        "op": "add_liquidity",
        "status": "OK"
      },
      "level": "INFO",
      "message": "add_liquidity completed",
      "span_id": "3720b0405cde469b",
      "timestamp": "2025-10-18T04:09:06.667567Z",
      "trace_id": "59d350a95bf0d08a16d375b26620de41"
    },
    {
      "fields": {
        "latency_seconds": 0.037,
        "op": "add_liquidity",
        "status": "OK"
      },
      "level": "INFO",
      "message": "add_liquidity completed",
      "span_id": "25f1581b6b2a3444",
      "timestamp": "2025-10-18T04:09:06.667580Z",
      "trace_id": "3e414ce071fec78597b5b74552d636a7"
    },
    {
      "fields": {
        "latency_seconds": 0.041,
        "op": "add_liquidity",
        "status": "OK"
      },
      "level": "INFO",
      "message": "add_liquidity completed",
      "span_id": "5ee2d2996ec2588f",
      "timestamp": "2025-10-18T04:09:06.667594Z",
      "trace_id": "cd5641411d4c9a0f512543145327a95c"
    },
    {
      "fields": {
        "latency_seconds": 0.031,
        "op": "remove_liquidity",
        "status": "OK"
      },
      "level": "INFO",
      "message": "remove_liquidity completed",
      "span_id": "3981f43761061ad8",
      "timestamp": "2025-10-18T04:09:06.667607Z",
      "trace_id": "c205bfacc5c1f293130c5dae7cb1a920"
    },
    {
      "fields": {
        "latency_seconds": 0.036,
        "op": "remove_liquidity",
        "status": "OK"
      },
      "level": "INFO",
      "message": "remove_liquidity completed",
      "span_id": "7ee5a30144078fcf",
      "timestamp": "2025-10-18T04:09:06.667620Z",
      "trace_id": "22c9ad901caa4298d9ee8bc30cb498b8"
    },
    {
      "fields": {
        "latency_seconds": 0.043,
        "op": "remove_liquidity",
        "status": "OK"
      },
      "level": "INFO",
      "message": "remove_liquidity completed",
      "span_id": "bcd37f2f5a266d80",
      "timestamp": "2025-10-18T04:09:06.667635Z",
      "trace_id": "5a4e53e5c15b5dc037776da1760dca1b"
    },
    {
      "fields": {
        "latency_seconds": 0.049,
        "op": "remove_liquidity",
        "status": "OK"
      },
      "level": "INFO",
      "message": "remove_liquidity completed",
      "span_id": "940d278a245f632b",
      "timestamp": "2025-10-18T04:09:06.667648Z",
      "trace_id": "ee086dbebb816b076f0b17779171c425"
    },
    {
      "fields": {
        "latency_seconds": 0.007,
        "op": "pricing",
        "status": "OK"
      },
      "level": "INFO",
      "message": "pricing completed",
      "span_id": "4f601852093a672d",
      "timestamp": "2025-10-18T04:09:06.667660Z",
      "trace_id": "88dd3eb2271aa17a9dd22a41e846cdf0"
    },
    {
      "fields": {
        "latency_seconds": 0.009,
        "op": "pricing",
        "status": "OK"
      },
      "level": "INFO",
      "message": "pricing completed",
      "span_id": "6e380dcae56c6e76",
      "timestamp": "2025-10-18T04:09:06.667672Z",
      "trace_id": "d4777f7596a026b7e91f599e3c0d9ec5"
    },
    {
      "fields": {
        "latency_seconds": 0.013,
        "op": "pricing",
        "status": "OK"
      },
      "level": "INFO",
      "message": "pricing completed",
      "span_id": "ff24e493af9d533c",
      "timestamp": "2025-10-18T04:09:06.667684Z",
      "trace_id": "c4d94a21d1c662c4b85880bad365531d"
    },
    {
      "fields": {
        "latency_seconds": 0.017,
        "op": "pricing",
        "status": "OK"
      },
      "level": "INFO",
      "message": "pricing completed",
      "span_id": "c7f48d6b5b5c66ee",
      "timestamp": "2025-10-18T04:09:06.667697Z",
      "trace_id": "115b11cb39cc43ce3d7fa547e8deff2b"
    },
    {
      "fields": {
        "latency_seconds": 0.02,
        "op": "pricing",
        "status": "OK"
      },
      "level": "INFO",
      "message": "pricing completed",
      "span_id": "0c4b8c2f90e8e9cd",
      "timestamp": "2025-10-18T04:09:06.667708Z",
      "trace_id": "e1aababba789f7fb18ededf628bb2e48"
    },
    {
      "fields": {
        "latency_seconds": 0.062,
        "op": "cdc_consume",
        "status": "OK"
      },
      "level": "INFO",
      "message": "cdc_consume completed",
      "span_id": "82fe9bca9ee3633a",
      "timestamp": "2025-10-18T04:09:06.667722Z",
      "trace_id": "5018c997599761130db52478a871ab17"
    },
    {
      "fields": {
        "latency_seconds": 0.073,
        "op": "cdc_consume",
        "status": "OK"
      },
      "level": "INFO",
      "message": "cdc_consume completed",
      "span_id": "49a8822a50b7c969",
      "timestamp": "2025-10-18T04:09:06.667736Z",
      "trace_id": "4b1741cfea245fa9ef2790a920cac16c"
    },
    {
      "fields": {
        "latency_seconds": 0.081,
        "op": "cdc_consume",
        "status": "OK"
      },
      "level": "INFO",
      "message": "cdc_consume completed",
      "span_id": "1040d2f4894ad674",
      "timestamp": "2025-10-18T04:09:06.667749Z",
      "trace_id": "986c20ab06c70df7361d299c01dfd722"
    },
    {
      "fields": {
        "latency_seconds": 0.089,
        "op": "cdc_consume",
        "status": "OK"
      },
      "level": "INFO",
      "message": "cdc_consume completed",
      "span_id": "cc9b65dc7d2607eb",
      "timestamp": "2025-10-18T04:09:06.667762Z",
      "trace_id": "a3714673000f268663bb32e1ede17365"
    }
  ],
  "meta": {
    "env": "dev",
    "generated_at": "2025-10-18T04:09:06.669015Z",
    "observability_level": "full",
    "service": "trendmarket-amm",
    "version": "v0.1.0"
  },
  "metrics": {
    "amm_op_latency_seconds": {
      "cardinality": {
        "max_ratio": 0.5833,
        "max_ratio_metric": "synthetic_latency_seconds_bucket",
        "metrics": {
          "amm_op_latency_seconds_bucket": {
            "budget": 400.0,
            "est_usd_month": 4.67,
            "ratio": 0.225,
            "series": 90.0
          },
          "cdc_lag_seconds": {
            "budget": 320.0,
            "est_usd_month": 0.16,
            "ratio": 0.0094,
            "series": 3.0
          },
          "data_freshness_seconds": {
            "budget": 180.0,
            "est_usd_month": 0.16,
            "ratio": 0.0167,
            "series": 3.0
          },
          "drift_score": {
            "budget": 80.0,
            "est_usd_month": 0.16,
            "ratio": 0.0375,
            "series": 3.0
          },
          "hook_coverage_ratio": {
            "budget": 10.0,
            "est_usd_month": 0.05,
            "ratio": 0.1,
            "series": 1.0
          },
          "hook_executions_total": {
            "budget": 200.0,
            "est_usd_month": 0.21,
            "ratio": 0.02,
            "series": 4.0
          },
          "synthetic_latency_seconds_bucket": {
            "budget": 60.0,
            "est_usd_month": 1.81,
            "ratio": 0.5833,
            "series": 35.0
          },
          "synthetic_ok_ratio": {
            "budget": 20.0,
            "est_usd_month": 0.26,
            "ratio": 0.25,
            "series": 5.0
          },
          "synthetic_requests_total": {
            "budget": 20.0,
            "est_usd_month": 0.26,
            "ratio": 0.25,
            "series": 5.0
          }
        },
        "price_per_million_samples": 0.3,
        "retention_days": 30,
        "scrape_interval_seconds": 15,
        "total_estimated_usd_month": 7.74
      },
      "exemplars": {
        "add_liquidity": {
          "latency_seconds": 0.028,
          "span_id": "a6e0cbed7bde90f9",
          "start_time": "2025-10-18T04:09:06.667552Z",
          "trace_id": "48514aeabe29724e139f224afaa28cd7"
        },
        "cdc_consume": {
          "latency_seconds": 0.062,
          "span_id": "82fe9bca9ee3633a",
          "start_time": "2025-10-18T04:09:06.667722Z",
          "trace_id": "5018c997599761130db52478a871ab17"
        },
        "pricing": {
          "latency_seconds": 0.007,
          "span_id": "4f601852093a672d",
          "start_time": "2025-10-18T04:09:06.667660Z",
          "trace_id": "88dd3eb2271aa17a9dd22a41e846cdf0"
        },
        "remove_liquidity": {
          "latency_seconds": 0.031,
          "span_id": "3981f43761061ad8",
          "start_time": "2025-10-18T04:09:06.667607Z",
          "trace_id": "c205bfacc5c1f293130c5dae7cb1a920"
        },
        "swap": {
          "latency_seconds": 0.012,
          "span_id": "028aa9573a2d86ad",
          "start_time": "2025-10-18T04:09:06.667420Z",
          "trace_id": "91b9ffb44a97517699f688ca81f2716b"
        }
      },
      "labels": {
        "env": "dev",
        "service": "trendmarket-amm",
        "version": "v0.1.0"
      },
      "metric": "amm_op_latency_seconds",
      "observability_level": "full",
      "operations": {
        "add_liquidity": {
          "avg": 0.0345,
          "buckets": {
            "+Inf": 4,
            "0.005": 0,
            "0.01": 0,
            "0.02": 0,
            "0.03": 1,
            "0.05": 4,
            "0.075": 4,
            "0.1": 4,
            "0.15": 4,
            "0.2": 4,
            "0.3": 4,
            "0.5": 4,
            "0.75": 4,
            "1.0": 4,
            "1.5": 4,
            "2.0": 4,
            "3.0": 4,
            "5.0": 4
          },
          "count": 4,
          "max": 0.041,
          "min": 0.028,
          "p50": 0.0345,
          "p75": 0.038,
          "p95": 0.0404,
          "sum": 0.138
        },
        "cdc_consume": {
          "avg": 0.07625,
          "buckets": {
            "+Inf": 4,
            "0.005": 0,
            "0.01": 0,
            "0.02": 0,
            "0.03": 0,
            "0.05": 0,
            "0.075": 2,
            "0.1": 4,
            "0.15": 4,
            "0.2": 4,
            "0.3": 4,
            "0.5": 4,
            "0.75": 4,
            "1.0": 4,
            "1.5": 4,
            "2.0": 4,
            "3.0": 4,
            "5.0": 4
          },
          "count": 4,
          "max": 0.089,
          "min": 0.062,
          "p50": 0.077,
          "p75": 0.083,
          "p95": 0.0878,
          "sum": 0.305
        },
        "pricing": {
          "avg": 0.0132,
          "buckets": {
            "+Inf": 5,
            "0.005": 0,
            "0.01": 2,
            "0.02": 5,
            "0.03": 5,
            "0.05": 5,
            "0.075": 5,
            "0.1": 5,
            "0.15": 5,
            "0.2": 5,
            "0.3": 5,
            "0.5": 5,
            "0.75": 5,
            "1.0": 5,
            "1.5": 5,
            "2.0": 5,
            "3.0": 5,
            "5.0": 5
          },
          "count": 5,
          "max": 0.02,
          "min": 0.007,
          "p50": 0.013,
          "p75": 0.017,
          "p95": 0.0194,
          "sum": 0.066
        },
        "remove_liquidity": {
          "avg": 0.03975,
          "buckets": {
            "+Inf": 4,
            "0.005": 0,
            "0.01": 0,
            "0.02": 0,
            "0.03": 0,
            "0.05": 4,
            "0.075": 4,
            "0.1": 4,
            "0.15": 4,
            "0.2": 4,
            "0.3": 4,
            "0.5": 4,
            "0.75": 4,
            "1.0": 4,
            "1.5": 4,
            "2.0": 4,
            "3.0": 4,
            "5.0": 4
          },
          "count": 4,
          "max": 0.049,
          "min": 0.031,
          "p50": 0.0395,
          "p75": 0.0445,
          "p95": 0.0481,
          "sum": 0.159
        },
        "swap": {
          "avg": 0.030667,
          "buckets": {
            "+Inf": 6,
            "0.005": 0,
            "0.01": 0,
            "0.02": 2,
            "0.03": 3,
            "0.05": 5,
            "0.075": 6,
            "0.1": 6,
            "0.15": 6,
            "0.2": 6,
            "0.3": 6,
            "0.5": 6,
            "0.75": 6,
            "1.0": 6,
            "1.5": 6,
            "2.0": 6,
            "3.0": 6,
            "5.0": 6
          },
          "count": 6,
          "max": 0.052,
          "min": 0.012,
          "p50": 0.0305,
          "p75": 0.0395,
          "p95": 0.04925,
          "sum": 0.184
        }
      },
      "supporting": {
        "cdc_lag_seconds": [
          {
            "labels": {
              "env": "dev",
              "partition": "0",
              "service": "trendmarket-amm",
              "stream": "orders"
            },
            "value": 4.2
          },
          {
            "labels": {
              "env": "dev",
              "partition": "1",
              "service": "trendmarket-amm",
              "stream": "orders"
            },
            "value": 5.1
          },
          {
            "labels": {
              "env": "dev",
              "partition": "0",
              "service": "trendmarket-amm",
              "stream": "settlements"
            },
            "value": 7.8
          }
        ],
        "data_freshness_seconds": [
          {
            "labels": {
              "domain": "pricing",
              "env": "dev",
              "service": "trendmarket-amm",
              "source": "oracle"
            },
            "value": 2.4
          },
          {
            "labels": {
              "domain": "trading",
              "env": "dev",
              "service": "trendmarket-amm",
              "source": "orderbook"
            },
            "value": 1.6
          },
          {
            "labels": {
              "domain": "inventory",
              "env": "dev",
              "service": "trendmarket-amm",
              "source": "liquidity_feed"
            },
            "value": 3.1
          }
        ],
        "drift_score": [
          {
            "labels": {
              "env": "dev",
              "feature": "price_psi",
              "service": "trendmarket-amm"
            },
            "value": 0.12
          },
          {
            "labels": {
              "env": "dev",
              "feature": "volume_psi",
              "service": "trendmarket-amm"
            },
            "value": 0.18
          },
          {
            "labels": {
              "env": "dev",
              "feature": "spread_kl",
              "service": "trendmarket-amm"
            },
            "value": 0.07
          }
        ],
        "hook_coverage_ratio": {
          "catalog": [
            "hook_pre_trade",
            "hook_risk_checks",
            "hook_settlement_dispatch",
            "hook_cdc_sync"
          ],
          "executed": [
            "hook_cdc_sync",
            "hook_pre_trade",
            "hook_risk_checks",
            "hook_settlement_dispatch"
          ],
          "labels": {
            "env": "dev"
          },
          "value": 1.0
        },
        "hook_executions_total": [
          {
            "labels": {
              "env": "dev",
              "hook_id": "hook_cdc_sync",
              "status": "success"
            },
            "value": 4
          },
          {
            "labels": {
              "env": "dev",
              "hook_id": "hook_pre_trade",
              "status": "success"
            },
            "value": 14
          },
          {
            "labels": {
              "env": "dev",
              "hook_id": "hook_risk_checks",
              "status": "success"
            },
            "value": 11
          },
          {
            "labels": {
              "env": "dev",
              "hook_id": "hook_settlement_dispatch",
              "status": "success"
            },
            "value": 8
          }
        ],
        "synthetic": {
          "add_liquidity": {
            "count": 4,
            "latencies": [
              0.028,
              0.032,
              0.037,
              0.041
            ],
            "ok_ratio": 1.0,
            "success": 4
          },
          "cdc_consume": {
            "count": 4,
            "latencies": [
              0.062,
              0.073,
              0.081,
              0.089
            ],
            "ok_ratio": 1.0,
            "success": 4
          },
          "pricing": {
            "count": 5,
            "latencies": [
              0.007,
              0.009,
              0.013,
              0.017,
              0.02
            ],
            "ok_ratio": 1.0,
            "success": 5
          },
          "remove_liquidity": {
            "count": 4,
            "latencies": [
              0.031,
              0.036,
              0.043,
              0.049
            ],
            "ok_ratio": 1.0,
            "success": 4
          },
          "swap": {
            "count": 6,
            "latencies": [
              0.012,
              0.018,
              0.026,
              0.035,
              0.041,
              0.052
            ],
            "ok_ratio": 1.0,
            "success": 6
          }
        }
      },
      "unit": "seconds"
    },
    "cdc_lag_seconds": [
      {
        "labels": {
          "env": "dev",
          "partition": "0",
          "service": "trendmarket-amm",
          "stream": "orders"
        },
        "value": 4.2
      },
      {
        "labels": {
          "env": "dev",
          "partition": "1",
          "service": "trendmarket-amm",
          "stream": "orders"
        },
        "value": 5.1
      },
      {
        "labels": {
          "env": "dev",
          "partition": "0",
          "service": "trendmarket-amm",
          "stream": "settlements"
        },
        "value": 7.8
      }
    ],
    "data_freshness_seconds": [
      {
        "labels": {
          "domain": "pricing",
          "env": "dev",
          "service": "trendmarket-amm",
          "source": "oracle"
        },
        "value": 2.4
      },
      {
        "labels": {
          "domain": "trading",
          "env": "dev",
          "service": "trendmarket-amm",
          "source": "orderbook"
        },
        "value": 1.6
      },
      {
        "labels": {
          "domain": "inventory",
          "env": "dev",
          "service": "trendmarket-amm",
          "source": "liquidity_feed"
        },
        "value": 3.1
      }
    ],
    "drift_score": [
      {
        "labels": {
          "env": "dev",
          "feature": "price_psi",
          "service": "trendmarket-amm"
        },
        "value": 0.12
      },
      {
        "labels": {
          "env": "dev",
          "feature": "volume_psi",
          "service": "trendmarket-amm"
        },
        "value": 0.18
      },
      {
        "labels": {
          "env": "dev",
          "feature": "spread_kl",
          "service": "trendmarket-amm"
        },
        "value": 0.07
      }
    ],
    "hook_coverage_ratio": {
      "catalog": [
        "hook_pre_trade",
        "hook_risk_checks",
        "hook_settlement_dispatch",
        "hook_cdc_sync"
      ],
      "executed": [
        "hook_cdc_sync",
        "hook_pre_trade",
        "hook_risk_checks",
        "hook_settlement_dispatch"
      ],
      "labels": {
        "env": "dev"
      },
      "value": 1.0
    },
    "hook_executions_total": [
      {
        "labels": {
          "env": "dev",
          "hook_id": "hook_cdc_sync",
          "status": "success"
        },
        "value": 4
      },
      {
        "labels": {
          "env": "dev",
          "hook_id": "hook_pre_trade",
          "status": "success"
        },
        "value": 14
      },
      {
        "labels": {
          "env": "dev",
          "hook_id": "hook_risk_checks",
          "status": "success"
        },
        "value": 11
      },
      {
        "labels": {
          "env": "dev",
          "hook_id": "hook_settlement_dispatch",
          "status": "success"
        },
        "value": 8
      }
    ]
  },
  "spans": [
    {
      "attributes": {
        "amm.operation": "swap",
        "http.route": "/swap",
        "net.peer.env": "dev",
        "service.name": "trendmarket-amm",
        "service.version": "v0.1.0"
      },
      "latency_seconds": 0.012,
      "op": "swap",
      "span_id": "028aa9573a2d86ad",
      "start_time": "2025-10-18T04:09:06.667420Z",
      "status": "OK",
      "trace_id": "91b9ffb44a97517699f688ca81f2716b"
    },
    {
      "attributes": {
        "amm.operation": "swap",
        "http.route": "/swap",
        "net.peer.env": "dev",
        "service.name": "trendmarket-amm",
        "service.version": "v0.1.0"
      },
      "latency_seconds": 0.018,
      "op": "swap",
      "span_id": "45ff12710d2676ef",
      "start_time": "2025-10-18T04:09:06.667461Z",
      "status": "OK",
      "trace_id": "dbf90c421e97b80efeb13ef07c298654"
    },
    {
      "attributes": {
        "amm.operation": "swap",
        "http.route": "/swap",
        "net.peer.env": "dev",
        "service.name": "trendmarket-amm",
        "service.version": "v0.1.0"
      },
      "latency_seconds": 0.026,
      "op": "swap",
      "span_id": "84cd98a7c92568cf",
      "start_time": "2025-10-18T04:09:06.667487Z",
      "status": "OK",
      "trace_id": "6c433fbb12b4c8a7aa439e89341a8c79"
    },
    {
      "attributes": {
        "amm.operation": "swap",
        "http.route": "/swap",
        "net.peer.env": "dev",
        "service.name": "trendmarket-amm",
        "service.version": "v0.1.0"
      },
      "latency_seconds": 0.035,
      "op": "swap",
      "span_id": "288bc6f2c442148d",
      "start_time": "2025-10-18T04:09:06.667509Z",
      "status": "OK",
      "trace_id": "275d623ebe50d3c97363f8a181cd2435"
    },
    {
      "attributes": {
        "amm.operation": "swap",
        "http.route": "/swap",
        "net.peer.env": "dev",
        "service.name": "trendmarket-amm",
        "service.version": "v0.1.0"
      },
      "latency_seconds": 0.041,
      "op": "swap",
      "span_id": "1cf27b6aaf176dc2",
      "start_time": "2025-10-18T04:09:06.667524Z",
      "status": "OK",
      "trace_id": "b2f526909986be0fdc24dff431a89c74"
    },
    {
      "attributes": {
        "amm.operation": "swap",
        "http.route": "/swap",
        "net.peer.env": "dev",
        "service.name": "trendmarket-amm",
        "service.version": "v0.1.0"
      },
      "latency_seconds": 0.052,
      "op": "swap",
      "span_id": "9c5b96a731e0522c",
      "start_time": "2025-10-18T04:09:06.667539Z",
      "status": "OK",
      "trace_id": "9d2aab08b13d3b2eeec5ab02a0dcdcc5"
    },
    {
      "attributes": {
        "amm.operation": "add_liquidity",
        "http.route": "/add_liquidity",
        "net.peer.env": "dev",
        "service.name": "trendmarket-amm",
        "service.version": "v0.1.0"
      },
      "latency_seconds": 0.028,
      "op": "add_liquidity",
      "span_id": "a6e0cbed7bde90f9",
      "start_time": "2025-10-18T04:09:06.667552Z",
      "status": "OK",
      "trace_id": "48514aeabe29724e139f224afaa28cd7"
    },
    {
      "attributes": {
        "amm.operation": "add_liquidity",
        "http.route": "/add_liquidity",
        "net.peer.env": "dev",
        "service.name": "trendmarket-amm",
        "service.version": "v0.1.0"
      },
      "latency_seconds": 0.032,
      "op": "add_liquidity",
      "span_id": "3720b0405cde469b",
      "start_time": "2025-10-18T04:09:06.667567Z",
      "status": "OK",
      "trace_id": "59d350a95bf0d08a16d375b26620de41"
    },
    {
      "attributes": {
        "amm.operation": "add_liquidity",
        "http.route": "/add_liquidity",
        "net.peer.env": "dev",
        "service.name": "trendmarket-amm",
        "service.version": "v0.1.0"
      },
      "latency_seconds": 0.037,
      "op": "add_liquidity",
      "span_id": "25f1581b6b2a3444",
      "start_time": "2025-10-18T04:09:06.667580Z",
      "status": "OK",
      "trace_id": "3e414ce071fec78597b5b74552d636a7"
    },
    {
      "attributes": {
        "amm.operation": "add_liquidity",
        "http.route": "/add_liquidity",
        "net.peer.env": "dev",
        "service.name": "trendmarket-amm",
        "service.version": "v0.1.0"
      },
      "latency_seconds": 0.041,
      "op": "add_liquidity",
      "span_id": "5ee2d2996ec2588f",
      "start_time": "2025-10-18T04:09:06.667594Z",
      "status": "OK",
      "trace_id": "cd5641411d4c9a0f512543145327a95c"
    },
    {
      "attributes": {
        "amm.operation": "remove_liquidity",
        "http.route": "/remove_liquidity",
        "net.peer.env": "dev",
        "service.name": "trendmarket-amm",
        "service.version": "v0.1.0"
      },
      "latency_seconds": 0.031,
      "op": "remove_liquidity",
      "span_id": "3981f43761061ad8",
      "start_time": "2025-10-18T04:09:06.667607Z",
      "status": "OK",
      "trace_id": "c205bfacc5c1f293130c5dae7cb1a920"
    },
    {
      "attributes": {
        "amm.operation": "remove_liquidity",
        "http.route": "/remove_liquidity",
        "net.peer.env": "dev",
        "service.name": "trendmarket-amm",
        "service.version": "v0.1.0"
      },
      "latency_seconds": 0.036,
      "op": "remove_liquidity",
      "span_id": "7ee5a30144078fcf",
      "start_time": "2025-10-18T04:09:06.667620Z",
      "status": "OK",
      "trace_id": "22c9ad901caa4298d9ee8bc30cb498b8"
    },
    {
      "attributes": {
        "amm.operation": "remove_liquidity",
        "http.route": "/remove_liquidity",
        "net.peer.env": "dev",
        "service.name": "trendmarket-amm",
        "service.version": "v0.1.0"
      },
      "latency_seconds": 0.043,
      "op": "remove_liquidity",
      "span_id": "bcd37f2f5a266d80",
      "start_time": "2025-10-18T04:09:06.667635Z",
      "status": "OK",
      "trace_id": "5a4e53e5c15b5dc037776da1760dca1b"
    },
    {
      "attributes": {
        "amm.operation": "remove_liquidity",
        "http.route": "/remove_liquidity",
        "net.peer.env": "dev",
        "service.name": "trendmarket-amm",
        "service.version": "v0.1.0"
      },
      "latency_seconds": 0.049,
      "op": "remove_liquidity",
      "span_id": "940d278a245f632b",
      "start_time": "2025-10-18T04:09:06.667648Z",
      "status": "OK",
      "trace_id": "ee086dbebb816b076f0b17779171c425"
    },
    {
      "attributes": {
        "amm.operation": "pricing",
        "http.route": "/pricing",
        "net.peer.env": "dev",
        "service.name": "trendmarket-amm",
        "service.version": "v0.1.0"
      },
      "latency_seconds": 0.007,
      "op": "pricing",
      "span_id": "4f601852093a672d",
      "start_time": "2025-10-18T04:09:06.667660Z",
      "status": "OK",
      "trace_id": "88dd3eb2271aa17a9dd22a41e846cdf0"
    },
    {
      "attributes": {
        "amm.operation": "pricing",
        "http.route": "/pricing",
        "net.peer.env": "dev",
        "service.name": "trendmarket-amm",
        "service.version": "v0.1.0"
      },
      "latency_seconds": 0.009,
      "op": "pricing",
      "span_id": "6e380dcae56c6e76",
      "start_time": "2025-10-18T04:09:06.667672Z",
      "status": "OK",
      "trace_id": "d4777f7596a026b7e91f599e3c0d9ec5"
    },
    {
      "attributes": {
        "amm.operation": "pricing",
        "http.route": "/pricing",
        "net.peer.env": "dev",
        "service.name": "trendmarket-amm",
        "service.version": "v0.1.0"
      },
      "latency_seconds": 0.013,
      "op": "pricing",
      "span_id": "ff24e493af9d533c",
      "start_time": "2025-10-18T04:09:06.667684Z",
      "status": "OK",
      "trace_id": "c4d94a21d1c662c4b85880bad365531d"
    },
    {
      "attributes": {
        "amm.operation": "pricing",
        "http.route": "/pricing",
        "net.peer.env": "dev",
        "service.name": "trendmarket-amm",
        "service.version": "v0.1.0"
      },
      "latency_seconds": 0.017,
      "op": "pricing",
      "span_id": "c7f48d6b5b5c66ee",
      "start_time": "2025-10-18T04:09:06.667697Z",
      "status": "OK",
      "trace_id": "115b11cb39cc43ce3d7fa547e8deff2b"
    },
    {
      "attributes": {
        "amm.operation": "pricing",
        "http.route": "/pricing",
        "net.peer.env": "dev",
        "service.name": "trendmarket-amm",
        "service.version": "v0.1.0"
      },
      "latency_seconds": 0.02,
      "op": "pricing",
      "span_id": "0c4b8c2f90e8e9cd",
      "start_time": "2025-10-18T04:09:06.667708Z",
      "status": "OK",
      "trace_id": "e1aababba789f7fb18ededf628bb2e48"
    },
    {
      "attributes": {
        "amm.operation": "cdc_consume",
        "http.route": "/cdc_consume",
        "net.peer.env": "dev",
        "service.name": "trendmarket-amm",
        "service.version": "v0.1.0"
      },
      "latency_seconds": 0.062,
      "op": "cdc_consume",
      "span_id": "82fe9bca9ee3633a",
      "start_time": "2025-10-18T04:09:06.667722Z",
      "status": "OK",
      "trace_id": "5018c997599761130db52478a871ab17"
    },
    {
      "attributes": {
        "amm.operation": "cdc_consume",
        "http.route": "/cdc_consume",
        "net.peer.env": "dev",
        "service.name": "trendmarket-amm",
        "service.version": "v0.1.0"
      },
      "latency_seconds": 0.073,
      "op": "cdc_consume",
      "span_id": "49a8822a50b7c969",
      "start_time": "2025-10-18T04:09:06.667736Z",
      "status": "OK",
      "trace_id": "4b1741cfea245fa9ef2790a920cac16c"
    },
    {
      "attributes": {
        "amm.operation": "cdc_consume",
        "http.route": "/cdc_consume",
        "net.peer.env": "dev",
        "service.name": "trendmarket-amm",
        "service.version": "v0.1.0"
      },
      "latency_seconds": 0.081,
      "op": "cdc_consume",
      "span_id": "1040d2f4894ad674",
      "start_time": "2025-10-18T04:09:06.667749Z",
      "status": "OK",
      "trace_id": "986c20ab06c70df7361d299c01dfd722"
    },
    {
      "attributes": {
        "amm.operation": "cdc_consume",
        "http.route": "/cdc_consume",
        "net.peer.env": "dev",
        "service.name": "trendmarket-amm",
        "service.version": "v0.1.0"
      },
      "latency_seconds": 0.089,
      "op": "cdc_consume",
      "span_id": "cc9b65dc7d2607eb",
      "start_time": "2025-10-18T04:09:06.667762Z",
      "status": "OK",
      "trace_id": "a3714673000f268663bb32e1ede17365"
    }
  ]
}
