{
  "metrics": {
    "amm_op_latency_seconds_bucket": {
      "series": 90.0,
      "budget": 400.0,
      "ratio": 0.225,
      "est_usd_month": 4.67
    },
    "data_freshness_seconds": {
      "series": 3.0,
      "budget": 180.0,
      "ratio": 0.0167,
      "est_usd_month": 0.16
    },
    "cdc_lag_seconds": {
      "series": 3.0,
      "budget": 320.0,
      "ratio": 0.0094,
      "est_usd_month": 0.16
    },
    "drift_score": {
      "series": 3.0,
      "budget": 80.0,
      "ratio": 0.0375,
      "est_usd_month": 0.16
    },
    "hook_executions_total": {
      "series": 4.0,
      "budget": 200.0,
      "ratio": 0.02,
      "est_usd_month": 0.21
    },
    "hook_coverage_ratio": {
      "series": 1.0,
      "budget": 10.0,
      "ratio": 0.1,
      "est_usd_month": 0.05
    },
    "synthetic_latency_seconds_bucket": {
      "series": 35.0,
      "budget": 60.0,
      "ratio": 0.5833,
      "est_usd_month": 1.81
    },
    "synthetic_requests_total": {
      "series": 5.0,
      "budget": 20.0,
      "ratio": 0.25,
      "est_usd_month": 0.26
    },
    "synthetic_ok_ratio": {
      "series": 5.0,
      "budget": 20.0,
      "ratio": 0.25,
      "est_usd_month": 0.26
    }
  },
  "price_per_million_samples": 0.3,
  "retention_days": 30,
  "scrape_interval_seconds": 15,
  "total_estimated_usd_month": 7.74,
  "max_ratio": 0.5833,
  "max_ratio_metric": "synthetic_latency_seconds_bucket"
}
