{
  "cardinality": {
    "max_ratio": 0.5833,
    "max_ratio_metric": "synthetic_latency_seconds_bucket",
    "metrics": {
      "amm_op_latency_seconds_bucket": {
        "budget": 400.0,
        "est_usd_month": 4.67,
        "ratio": 0.225,
        "series": 90.0
      },
      "cdc_lag_seconds": {
        "budget": 320.0,
        "est_usd_month": 0.16,
        "ratio": 0.0094,
        "series": 3.0
      },
      "data_freshness_seconds": {
        "budget": 180.0,
        "est_usd_month": 0.16,
        "ratio": 0.0167,
        "series": 3.0
      },
      "drift_score": {
        "budget": 80.0,
        "est_usd_month": 0.16,
        "ratio": 0.0375,
        "series": 3.0
      },
      "hook_coverage_ratio": {
        "budget": 10.0,
        "est_usd_month": 0.05,
        "ratio": 0.1,
        "series": 1.0
      },
      "hook_executions_total": {
        "budget": 200.0,
        "est_usd_month": 0.21,
        "ratio": 0.02,
        "series": 4.0
      },
      "synthetic_latency_seconds_bucket": {
        "budget": 60.0,
        "est_usd_month": 1.81,
        "ratio": 0.5833,
        "series": 35.0
      },
      "synthetic_ok_ratio": {
        "budget": 20.0,
        "est_usd_month": 0.26,
        "ratio": 0.25,
        "series": 5.0
      },
      "synthetic_requests_total": {
        "budget": 20.0,
        "est_usd_month": 0.26,
        "ratio": 0.25,
        "series": 5.0
      }
    },
    "price_per_million_samples": 0.3,
    "retention_days": 30,
    "scrape_interval_seconds": 15,
    "total_estimated_usd_month": 7.74
  },
  "exemplars": {
    "add_liquidity": {
      "latency_seconds": 0.028,
      "span_id": "a6e0cbed7bde90f9",
      "start_time": "2025-10-18T04:09:06.667552Z",
      "trace_id": "48514aeabe29724e139f224afaa28cd7"
    },
    "cdc_consume": {
      "latency_seconds": 0.062,
      "span_id": "82fe9bca9ee3633a",
      "start_time": "2025-10-18T04:09:06.667722Z",
      "trace_id": "5018c997599761130db52478a871ab17"
    },
    "pricing": {
      "latency_seconds": 0.007,
      "span_id": "4f601852093a672d",
      "start_time": "2025-10-18T04:09:06.667660Z",
      "trace_id": "88dd3eb2271aa17a9dd22a41e846cdf0"
    },
    "remove_liquidity": {
      "latency_seconds": 0.031,
      "span_id": "3981f43761061ad8",
      "start_time": "2025-10-18T04:09:06.667607Z",
      "trace_id": "c205bfacc5c1f293130c5dae7cb1a920"
    },
    "swap": {
      "latency_seconds": 0.012,
      "span_id": "028aa9573a2d86ad",
      "start_time": "2025-10-18T04:09:06.667420Z",
      "trace_id": "91b9ffb44a97517699f688ca81f2716b"
    }
  },
  "labels": {
    "env": "dev",
    "service": "trendmarket-amm",
    "version": "v0.1.0"
  },
  "metric": "amm_op_latency_seconds",
  "observability_level": "full",
  "operations": {
    "add_liquidity": {
      "avg": 0.0345,
      "buckets": {
        "+Inf": 4,
        "0.005": 0,
        "0.01": 0,
        "0.02": 0,
        "0.03": 1,
        "0.05": 4,
        "0.075": 4,
        "0.1": 4,
        "0.15": 4,
        "0.2": 4,
        "0.3": 4,
        "0.5": 4,
        "0.75": 4,
        "1.0": 4,
        "1.5": 4,
        "2.0": 4,
        "3.0": 4,
        "5.0": 4
      },
      "count": 4,
      "max": 0.041,
      "min": 0.028,
      "p50": 0.0345,
      "p75": 0.038,
      "p95": 0.0404,
      "sum": 0.138
    },
    "cdc_consume": {
      "avg": 0.07625,
      "buckets": {
        "+Inf": 4,
        "0.005": 0,
        "0.01": 0,
        "0.02": 0,
        "0.03": 0,
        "0.05": 0,
        "0.075": 2,
        "0.1": 4,
        "0.15": 4,
        "0.2": 4,
        "0.3": 4,
        "0.5": 4,
        "0.75": 4,
        "1.0": 4,
        "1.5": 4,
        "2.0": 4,
        "3.0": 4,
        "5.0": 4
      },
      "count": 4,
      "max": 0.089,
      "min": 0.062,
      "p50": 0.077,
      "p75": 0.083,
      "p95": 0.0878,
      "sum": 0.305
    },
    "pricing": {
      "avg": 0.0132,
      "buckets": {
        "+Inf": 5,
        "0.005": 0,
        "0.01": 2,
        "0.02": 5,
        "0.03": 5,
        "0.05": 5,
        "0.075": 5,
        "0.1": 5,
        "0.15": 5,
        "0.2": 5,
        "0.3": 5,
        "0.5": 5,
        "0.75": 5,
        "1.0": 5,
        "1.5": 5,
        "2.0": 5,
        "3.0": 5,
        "5.0": 5
      },
      "count": 5,
      "max": 0.02,
      "min": 0.007,
      "p50": 0.013,
      "p75": 0.017,
      "p95": 0.0194,
      "sum": 0.066
    },
    "remove_liquidity": {
      "avg": 0.03975,
      "buckets": {
        "+Inf": 4,
        "0.005": 0,
        "0.01": 0,
        "0.02": 0,
        "0.03": 0,
        "0.05": 4,
        "0.075": 4,
        "0.1": 4,
        "0.15": 4,
        "0.2": 4,
        "0.3": 4,
        "0.5": 4,
        "0.75": 4,
        "1.0": 4,
        "1.5": 4,
        "2.0": 4,
        "3.0": 4,
        "5.0": 4
      },
      "count": 4,
      "max": 0.049,
      "min": 0.031,
      "p50": 0.0395,
      "p75": 0.0445,
      "p95": 0.0481,
      "sum": 0.159
    },
    "swap": {
      "avg": 0.030667,
      "buckets": {
        "+Inf": 6,
        "0.005": 0,
        "0.01": 0,
        "0.02": 2,
        "0.03": 3,
        "0.05": 5,
        "0.075": 6,
        "0.1": 6,
        "0.15": 6,
        "0.2": 6,
        "0.3": 6,
        "0.5": 6,
        "0.75": 6,
        "1.0": 6,
        "1.5": 6,
        "2.0": 6,
        "3.0": 6,
        "5.0": 6
      },
      "count": 6,
      "max": 0.052,
      "min": 0.012,
      "p50": 0.0305,
      "p75": 0.0395,
      "p95": 0.04925,
      "sum": 0.184
    }
  },
  "supporting": {
    "cdc_lag_seconds": [
      {
        "labels": {
          "env": "dev",
          "partition": "0",
          "service": "trendmarket-amm",
          "stream": "orders"
        },
        "value": 4.2
      },
      {
        "labels": {
          "env": "dev",
          "partition": "1",
          "service": "trendmarket-amm",
          "stream": "orders"
        },
        "value": 5.1
      },
      {
        "labels": {
          "env": "dev",
          "partition": "0",
          "service": "trendmarket-amm",
          "stream": "settlements"
        },
        "value": 7.8
      }
    ],
    "data_freshness_seconds": [
      {
        "labels": {
          "domain": "pricing",
          "env": "dev",
          "service": "trendmarket-amm",
          "source": "oracle"
        },
        "value": 2.4
      },
      {
        "labels": {
          "domain": "trading",
          "env": "dev",
          "service": "trendmarket-amm",
          "source": "orderbook"
        },
        "value": 1.6
      },
      {
        "labels": {
          "domain": "inventory",
          "env": "dev",
          "service": "trendmarket-amm",
          "source": "liquidity_feed"
        },
        "value": 3.1
      }
    ],
    "drift_score": [
      {
        "labels": {
          "env": "dev",
          "feature": "price_psi",
          "service": "trendmarket-amm"
        },
        "value": 0.12
      },
      {
        "labels": {
          "env": "dev",
          "feature": "volume_psi",
          "service": "trendmarket-amm"
        },
        "value": 0.18
      },
      {
        "labels": {
          "env": "dev",
          "feature": "spread_kl",
          "service": "trendmarket-amm"
        },
        "value": 0.07
      }
    ],
    "hook_coverage_ratio": {
      "catalog": [
        "hook_pre_trade",
        "hook_risk_checks",
        "hook_settlement_dispatch",
        "hook_cdc_sync"
      ],
      "executed": [
        "hook_cdc_sync",
        "hook_pre_trade",
        "hook_risk_checks",
        "hook_settlement_dispatch"
      ],
      "labels": {
        "env": "dev"
      },
      "value": 1.0
    },
    "hook_executions_total": [
      {
        "labels": {
          "env": "dev",
          "hook_id": "hook_cdc_sync",
          "status": "success"
        },
        "value": 4
      },
      {
        "labels": {
          "env": "dev",
          "hook_id": "hook_pre_trade",
          "status": "success"
        },
        "value": 14
      },
      {
        "labels": {
          "env": "dev",
          "hook_id": "hook_risk_checks",
          "status": "success"
        },
        "value": 11
      },
      {
        "labels": {
          "env": "dev",
          "hook_id": "hook_settlement_dispatch",
          "status": "success"
        },
        "value": 8
      }
    ],
    "synthetic": {
      "add_liquidity": {
        "count": 4,
        "latencies": [
          0.028,
          0.032,
          0.037,
          0.041
        ],
        "ok_ratio": 1.0,
        "success": 4
      },
      "cdc_consume": {
        "count": 4,
        "latencies": [
          0.062,
          0.073,
          0.081,
          0.089
        ],
        "ok_ratio": 1.0,
        "success": 4
      },
      "pricing": {
        "count": 5,
        "latencies": [
          0.007,
          0.009,
          0.013,
          0.017,
          0.02
        ],
        "ok_ratio": 1.0,
        "success": 5
      },
      "remove_liquidity": {
        "count": 4,
        "latencies": [
          0.031,
          0.036,
          0.043,
          0.049
        ],
        "ok_ratio": 1.0,
        "success": 4
      },
      "swap": {
        "count": 6,
        "latencies": [
          0.012,
          0.018,
          0.026,
          0.035,
          0.041,
          0.052
        ],
        "ok_ratio": 1.0,
        "success": 6
      }
    }
  },
  "unit": "seconds"
}
