{
  "total_spans": 23,
  "correlated_entries": [
    {
      "trace_id": "91b9ffb44a97517699f688ca81f2716b",
      "span_id": "028aa9573a2d86ad",
      "op": "swap",
      "latency_seconds": 0.012,
      "log_message": "swap completed",
      "log_level": "INFO"
    },
    {
      "trace_id": "dbf90c421e97b80efeb13ef07c298654",
      "span_id": "45ff12710d2676ef",
      "op": "swap",
      "latency_seconds": 0.018,
      "log_message": "swap completed",
      "log_level": "INFO"
    },
    {
      "trace_id": "6c433fbb12b4c8a7aa439e89341a8c79",
      "span_id": "84cd98a7c92568cf",
      "op": "swap",
      "latency_seconds": 0.026,
      "log_message": "swap completed",
      "log_level": "INFO"
    },
    {
      "trace_id": "275d623ebe50d3c97363f8a181cd2435",
      "span_id": "288bc6f2c442148d",
      "op": "swap",
      "latency_seconds": 0.035,
      "log_message": "swap completed",
      "log_level": "INFO"
    },
    {
      "trace_id": "b2f526909986be0fdc24dff431a89c74",
      "span_id": "1cf27b6aaf176dc2",
      "op": "swap",
      "latency_seconds": 0.041,
      "log_message": "swap completed",
      "log_level": "INFO"
    },
    {
      "trace_id": "9d2aab08b13d3b2eeec5ab02a0dcdcc5",
      "span_id": "9c5b96a731e0522c",
      "op": "swap",
      "latency_seconds": 0.052,
      "log_message": "swap completed",
      "log_level": "INFO"
    },
    {
      "trace_id": "48514aeabe29724e139f224afaa28cd7",
      "span_id": "a6e0cbed7bde90f9",
      "op": "add_liquidity",
      "latency_seconds": 0.028,
      "log_message": "add_liquidity completed",
      "log_level": "INFO"
    },
    {
      "trace_id": "59d350a95bf0d08a16d375b26620de41",
      "span_id": "3720b0405cde469b",
      "op": "add_liquidity",
      "latency_seconds": 0.032,
      "log_message": "add_liquidity completed",
      "log_level": "INFO"
    },
    {
      "trace_id": "3e414ce071fec78597b5b74552d636a7",
      "span_id": "25f1581b6b2a3444",
      "op": "add_liquidity",
      "latency_seconds": 0.037,
      "log_message": "add_liquidity completed",
      "log_level": "INFO"
    },
    {
      "trace_id": "cd5641411d4c9a0f512543145327a95c",
      "span_id": "5ee2d2996ec2588f",
      "op": "add_liquidity",
      "latency_seconds": 0.041,
      "log_message": "add_liquidity completed",
      "log_level": "INFO"
    },
    {
      "trace_id": "c205bfacc5c1f293130c5dae7cb1a920",
      "span_id": "3981f43761061ad8",
      "op": "remove_liquidity",
      "latency_seconds": 0.031,
      "log_message": "remove_liquidity completed",
      "log_level": "INFO"
    },
    {
      "trace_id": "22c9ad901caa4298d9ee8bc30cb498b8",
      "span_id": "7ee5a30144078fcf",
      "op": "remove_liquidity",
      "latency_seconds": 0.036,
      "log_message": "remove_liquidity completed",
      "log_level": "INFO"
    },
    {
      "trace_id": "5a4e53e5c15b5dc037776da1760dca1b",
      "span_id": "bcd37f2f5a266d80",
      "op": "remove_liquidity",
      "latency_seconds": 0.043,
      "log_message": "remove_liquidity completed",
      "log_level": "INFO"
    },
    {
      "trace_id": "ee086dbebb816b076f0b17779171c425",
      "span_id": "940d278a245f632b",
      "op": "remove_liquidity",
      "latency_seconds": 0.049,
      "log_message": "remove_liquidity completed",
      "log_level": "INFO"
    },
    {
      "trace_id": "88dd3eb2271aa17a9dd22a41e846cdf0",
      "span_id": "4f601852093a672d",
      "op": "pricing",
      "latency_seconds": 0.007,
      "log_message": "pricing completed",
      "log_level": "INFO"
    },
    {
      "trace_id": "d4777f7596a026b7e91f599e3c0d9ec5",
      "span_id": "6e380dcae56c6e76",
      "op": "pricing",
      "latency_seconds": 0.009,
      "log_message": "pricing completed",
      "log_level": "INFO"
    },
    {
      "trace_id": "c4d94a21d1c662c4b85880bad365531d",
      "span_id": "ff24e493af9d533c",
      "op": "pricing",
      "latency_seconds": 0.013,
      "log_message": "pricing completed",
      "log_level": "INFO"
    },
    {
      "trace_id": "115b11cb39cc43ce3d7fa547e8deff2b",
      "span_id": "c7f48d6b5b5c66ee",
      "op": "pricing",
      "latency_seconds": 0.017,
      "log_message": "pricing completed",
      "log_level": "INFO"
    },
    {
      "trace_id": "e1aababba789f7fb18ededf628bb2e48",
      "span_id": "0c4b8c2f90e8e9cd",
      "op": "pricing",
      "latency_seconds": 0.02,
      "log_message": "pricing completed",
      "log_level": "INFO"
    },
    {
      "trace_id": "5018c997599761130db52478a871ab17",
      "span_id": "82fe9bca9ee3633a",
      "op": "cdc_consume",
      "latency_seconds": 0.062,
      "log_message": "cdc_consume completed",
      "log_level": "INFO"
    },
    {
      "trace_id": "4b1741cfea245fa9ef2790a920cac16c",
      "span_id": "49a8822a50b7c969",
      "op": "cdc_consume",
      "latency_seconds": 0.073,
      "log_message": "cdc_consume completed",
      "log_level": "INFO"
    },
    {
      "trace_id": "986c20ab06c70df7361d299c01dfd722",
      "span_id": "1040d2f4894ad674",
      "op": "cdc_consume",
      "latency_seconds": 0.081,
      "log_message": "cdc_consume completed",
      "log_level": "INFO"
    },
    {
      "trace_id": "a3714673000f268663bb32e1ede17365",
      "span_id": "cc9b65dc7d2607eb",
      "op": "cdc_consume",
      "latency_seconds": 0.089,
      "log_message": "cdc_consume completed",
      "log_level": "INFO"
    }
  ],
  "correlated_ratio": 1.0,
  "observability_level": "full",
  "skipped": false,
  "sample": {
    "trace_id": "91b9ffb44a97517699f688ca81f2716b",
    "span_id": "028aa9573a2d86ad",
    "op": "swap",
    "latency_seconds": 0.012,
    "log_message": "swap completed",
    "log_level": "INFO"
  }
}
